Workbook

Sheet Oversigt
A1: Snublesten i Danmark – arbejdsregister
A2: Status pr. 24. okt. 2026. Tallene nedenfor tæller fra fanen Register og opdaterer sig, når du tilføjer rækker.
A4: Sten i alt | B4: =COUNTA(Register!$A$2:$A$2000) -> 210
A5: Med koordinat | B5: =COUNT(Register!$I$2:$I$2000) -> 187
A6: Med dansk original-indskrift | B6: =COUNTIF(Register!$O$2:$O$2000,"?*") -> 6
A7: Med Wikidata-item | B7: =COUNTIF(Register!$S$2:$S$2000,"Q*") -> 10
A8: Med OSM-node | B8: =COUNTIF(Register!$T$2:$T$2000,"?*") -> 37
A9: Skal verificeres / afvigelse | B9: =COUNTIF(Register!$V$2:$V$2000,"Skal verificeres")+COUNTIF(Register!$V$2:$V$2000,"Afvigelse – tjek") -> 11
A11: Kommune | B11: Sten | C11: Ældste nedlæggelse | D11: Nyeste nedlæggelse | F11: Sat af | G11: Sten
A12: København | B12: =COUNTIF(Register!$H$2:$H$2000,A12) -> 107 | C12: =_xlfn.MINIFS(Register!$L$2:$L$2000,Register!$H$2:$H$2000,A12) -> 2019 | D12: =_xlfn.MAXIFS(Register!$L$2:$L$2000,Register!$H$2:$H$2000,A12) -> 2026 | F12: Snublesten Danmark | G12: =COUNTIF(Register!$N$2:$N$2000,F12) -> 182
A13: Frederiksberg | B13: =COUNTIF(Register!$H$2:$H$2000,A13) -> 28 | C13: =_xlfn.MINIFS(Register!$L$2:$L$2000,Register!$H$2:$H$2000,A13) -> 2019 | D13: =_xlfn.MAXIFS(Register!$L$2:$L$2000,Register!$H$2:$H$2000,A13) -> 2026 | F13: Snublesten Fyn | G13: =COUNTIF(Register!$N$2:$N$2000,F13) -> 23
A14: Gentofte | B14: =COUNTIF(Register!$H$2:$H$2000,A14) -> 22 | C14: =_xlfn.MINIFS(Register!$L$2:$L$2000,Register!$H$2:$H$2000,A14) -> 2020 | D14: =_xlfn.MAXIFS(Register!$L$2:$L$2000,Register!$H$2:$H$2000,A14) -> 2026 | F14: Historisk Forening Skærbæk (?) | G14: =COUNTIF(Register!$N$2:$N$2000,F14) -> 3
A15: Odense | B15: =COUNTIF(Register!$H$2:$H$2000,A15) -> 15 | C15: =_xlfn.MINIFS(Register!$L$2:$L$2000,Register!$H$2:$H$2000,A15) -> 2021 | D15: =_xlfn.MAXIFS(Register!$L$2:$L$2000,Register!$H$2:$H$2000,A15) -> 2026 | F15: Ukendt | G15: =COUNTIF(Register!$N$2:$N$2000,F15) -> 1
A16: Nyborg | B16: =COUNTIF(Register!$H$2:$H$2000,A16) -> 5 | C16: =_xlfn.MINIFS(Register!$L$2:$L$2000,Register!$H$2:$H$2000,A16) -> 2024 | D16: =_xlfn.MAXIFS(Register!$L$2:$L$2000,Register!$H$2:$H$2000,A16) -> 2026 | F16: Snublesten Fyn / Snublesten Danmark | G16: =COUNTIF(Register!$N$2:$N$2000,F16) -> 1
A17: Kolding | B17: =COUNTIF(Register!$H$2:$H$2000,A17) -> 5 | C17: =_xlfn.MINIFS(Register!$L$2:$L$2000,Register!$H$2:$H$2000,A17) -> 2021 | D17: =_xlfn.MAXIFS(Register!$L$2:$L$2000,Register!$H$2:$H$2000,A17) -> 2021
A18: Randers | B18: =COUNTIF(Register!$H$2:$H$2000,A18) -> 5 | C18: =_xlfn.MINIFS(Register!$L$2:$L$2000,Register!$H$2:$H$2000,A18) -> 2023 | D18: =_xlfn.MAXIFS(Register!$L$2:$L$2000,Register!$H$2:$H$2000,A18) -> 2023
A19: Aarhus | B19: =COUNTIF(Register!$H$2:$H$2000,A19) -> 4 | C19: =_xlfn.MINIFS(Register!$L$2:$L$2000,Register!$H$2:$H$2000,A19) -> 2022 | D19: =_xlfn.MAXIFS(Register!$L$2:$L$2000,Register!$H$2:$H$2000,A19) -> 2022
A20: Lyngby-Taarbæk | B20: =COUNTIF(Register!$H$2:$H$2000,A20) -> 3 | C20: =_xlfn.MINIFS(Register!$L$2:$L$2000,Register!$H$2:$H$2000,A20) -> 2021 | D20: =_xlfn.MAXIFS(Register!$L$2:$L$2000,Register!$H$2:$H$2000,A20) -> 2026
A21: Vejle | B21: =COUNTIF(Register!$H$2:$H$2000,A21) -> 3 | C21: =_xlfn.MINIFS(Register!$L$2:$L$2000,Register!$H$2:$H$2000,A21) -> 2023 | D21: =_xlfn.MAXIFS(Register!$L$2:$L$2000,Register!$H$2:$H$2000,A21) -> 2023
A22: Tønder | B22: =COUNTIF(Register!$H$2:$H$2000,A22) -> 3 | C22: =_xlfn.MINIFS(Register!$L$2:$L$2000,Register!$H$2:$H$2000,A22) -> 2025 | D22: =_xlfn.MAXIFS(Register!$L$2:$L$2000,Register!$H$2:$H$2000,A22) -> 2025
A23: Svendborg | B23: =COUNTIF(Register!$H$2:$H$2000,A23) -> 3 | C23: =_xlfn.MINIFS(Register!$L$2:$L$2000,Register!$H$2:$H$2000,A23) -> 2022 | D23: =_xlfn.MAXIFS(Register!$L$2:$L$2000,Register!$H$2:$H$2000,A23) -> 2022
A24: Dragør | B24: =COUNTIF(Register!$H$2:$H$2000,A24) -> 2 | C24: =_xlfn.MINIFS(Register!$L$2:$L$2000,Register!$H$2:$H$2000,A24) -> 2024 | D24: =_xlfn.MAXIFS(Register!$L$2:$L$2000,Register!$H$2:$H$2000,A24) -> 2026
A25: Assens | B25: =COUNTIF(Register!$H$2:$H$2000,A25) -> 2 | C25: =_xlfn.MINIFS(Register!$L$2:$L$2000,Register!$H$2:$H$2000,A25) -> 2022 | D25: =_xlfn.MAXIFS(Register!$L$2:$L$2000,Register!$H$2:$H$2000,A25) -> 2022
A26: Vordingborg | B26: =COUNTIF(Register!$H$2:$H$2000,A26) -> 1 | C26: =_xlfn.MINIFS(Register!$L$2:$L$2000,Register!$H$2:$H$2000,A26) -> 2023 | D26: =_xlfn.MAXIFS(Register!$L$2:$L$2000,Register!$H$2:$H$2000,A26) -> 2023
A27: Gladsaxe | B27: =COUNTIF(Register!$H$2:$H$2000,A27) -> 1 | C27: =_xlfn.MINIFS(Register!$L$2:$L$2000,Register!$H$2:$H$2000,A27) -> 2024 | D27: =_xlfn.MAXIFS(Register!$L$2:$L$2000,Register!$H$2:$H$2000,A27) -> 2024
A28: Holbæk | B28: =COUNTIF(Register!$H$2:$H$2000,A28) -> 1 | C28: =_xlfn.MINIFS(Register!$L$2:$L$2000,Register!$H$2:$H$2000,A28) -> 2025 | D28: =_xlfn.MAXIFS(Register!$L$2:$L$2000,Register!$H$2:$H$2000,A28) -> 2025
A29: I alt | B29: =SUM(B12:B28) -> 210

Sheet Register
A1: ID | B1: Navn | C1: Født (år) | D1: Udfald | E1: Adresse | F1: Postnr | G1: By | H1: Kommune | I1: Bredde | J1: Længde | K1: Koordinat-kilde | L1: Nedlagt (år) | M1: Nedlagt (dato) | N1: Sat af | O1: Indskrift (dansk, original) | P1: Indskrift (tysk oversættelse, de.wikipedia) | Q1: Primær kilde | R1: snublesten.dk-ID | S1: Wikidata | T1: OSM-node | U1: Commons-foto | V1: Status | W1: Note
A2: DK-0001 | B2: Emma Augusta Hansen | E2: Vestergade 84 | F2: 8000 | G2: Aarhus C | H2: Aarhus | I2: 56.157107 | J2: 10.197486 | K2: snublesten.dk | L2: 2022 | N2: Snublesten Danmark | Q2: https://snublesten.dk/snublesten/emma-augusta-hansen/ | R2: 913 | T2: 10946691693 | V2: Fra gruppens egen liste | W2: Én OSM-node uden navn dækker familiens 4 sten
A3: DK-0002 | B3: Ib Hansen | E3: Vestergade 84 | F3: 8000 | G3: Aarhus C | H3: Aarhus | I3: 56.157187 | J3: 10.197476 | K3: snublesten.dk | L3: 2022 | N3: Snublesten Danmark | Q3: https://snublesten.dk/snublesten/ib-hansen/ | R3: 915 | T3: 10946691693 | V3: Fra gruppens egen liste | W3: Én OSM-node uden navn dækker familiens 4 sten
A4: DK-0003 | B4: Preben Hansen | E4: Vestergade 84 | F4: 8000 | G4: Aarhus C | H4: Aarhus | I4: 56.157067 | J4: 10.197546 | K4: snublesten.dk | L4: 2022 | N4: Snublesten Danmark | Q4: https://snublesten.dk/snublesten/preben-hansen/ | R4: 916 | T4: 10946691693 | V4: Fra gruppens egen liste | W4: Én OSM-node uden navn dækker familiens 4 sten
A5: DK-0004 | B5: Thorvald Hansen | E5: Vestergade 84 | F5: 8000 | G5: Aarhus C | H5: Aarhus | I5: 56.156997 | J5: 10.197646 | K5: snublesten.dk | L5: 2022 | N5: Snublesten Danmark | Q5: https://snublesten.dk/snublesten/thorvald-hansen/ | R5: 909 | T5: 10946691693 | V5: Fra gruppens egen liste | W5: Én OSM-node uden navn dækker familiens 4 sten
A6: DK-0005 | B6: Julius Joseph Moritz | C6: 1882 | D6: Omkom | E6: Dommergården (adresse mangler) | F6: 5610 | G6: Assens | H6: Assens | L6: 2022 | M6: 2022-06-08 | N6: Snublesten Fyn | Q6: https://www.snublestenfyn.dk/snublesten-i-assens | V6: Fra gruppens egen side | W6: Dommer; døde i Theresienstadt 8.4.1945
A7: DK-0006 | B7: Viggo Johannes Hansen | C7: 1896 | D7: Omkom | E7: Østergade 38 | F7: 5610 | G7: Assens | H7: Assens | L7: 2022 | M7: 2022-06-08 | N7: Snublesten Fyn | Q7: https://www.snublestenfyn.dk/snublesten-i-assens | V7: Fra gruppens egen side | W7: Clearingmyrdet 19.4.1945
A8: DK-0007 | B8: Jørgen Emil Thers | E8: Hovedgaden 34 | F8: 2791 | G8: Dragør | H8: Dragør | I8: 55.596799 | J8: 12.635227 | K8: snublesten.dk | L8: 2026 | N8: Snublesten Danmark | Q8: https://snublesten.dk/snublesten/joergen-emil-thers/ | R8: 3245 | V8: Fra gruppens egen liste
A9: DK-0008 | B9: Ellen Wilhelmine Nielsen | E9: Rønne Allé 42 | F9: 2770 | G9: Dragør | H9: Dragør | I9: 55.591282 | J9: 12.673444 | K9: snublesten.dk | L9: 2024 | N9: Snublesten Danmark | Q9: https://snublesten.dk/snublesten/ellen-wilhelmine-nielsen/ | R9: 2373 | V9: Afvigelse – tjek | W9: Postnr 2770 er Kastrup, men by angivet som Dragør (2791)
A10: DK-0009 | B10: Gabrielle Salmonsen | C10: 1855 | D10: Omkom | E10: Bianco Lunos Allé 1 | F10: 1868 | G10: Frederiksberg C | H10: Frederiksberg | I10: 55.676893 | J10: 12.540168 | K10: snublesten.dk | L10: 2020 | N10: Snublesten Danmark | P10: HIER WOHNTE / GABRIELLE / SALMONSEN / GEB. HEIMANN 1855 / VERHAFTET 2.10.1943 / DEPORTIERT 1943 / THERESIENSTADT / UMGEKOMMEN 10.2.1944 | Q10: https://snublesten.dk/snublesten/gabrielle-salmonsen/ | R10: 539 | U10: Stolperstein für Gabrielle Salmonsen (Frederiksberg).jpg | V10: Fra gruppens egen liste
A11: DK-0010 | B11: Jacob Thalmay | C11: 1904 | D11: Omkom | E11: Carl Plougsvej 7 | F11: 1913 | G11: Frederiksberg C | H11: Frederiksberg | I11: 55.679161 | J11: 12.552644 | K11: snublesten.dk | L11: 2019 | N11: Snublesten Danmark | P11: HIER WOHNTE / JACOB THALMAY / GEBOREN 1904 / DEPORTIERT 1944 / SACHSENHAUSEN / AUSCHWITZ / UMGEKOMMEN 9.3.1945 / TODESMARSCH NACH MELK | Q11: https://snublesten.dk/snublesten/jacob-thalmay/ | R11: 182 | S11: Q64691522 | U11: Stolperstein für Jacob Thalmay (Frederiksberg).jpg | V11: Fra gruppens egen liste
A12: DK-0011 | B12: "Jeanne" Johanne Nathansen | E12: Drosselvej 6 | F12: 2000 | G12: Frederiksberg | H12: Frederiksberg | I12: 55.689206 | J12: 12.523745 | K12: snublesten.dk | L12: 2026 | N12: Snublesten Danmark | Q12: https://snublesten.dk/snublesten/jeanne-johanne-nathansen/ | R12: 3208 | V12: Fra gruppens egen liste
A13: DK-0012 | B13: Henri Nathansen | E13: Drosselvej 6 | F13: 2000 | G13: Frederiksberg | H13: Frederiksberg | I13: 55.689256 | J13: 12.523655 | K13: snublesten.dk | L13: 2026 | N13: Snublesten Danmark | Q13: https://snublesten.dk/snublesten/henri-nathansen/ | R13: 3207 | V13: Fra gruppens egen liste
A14: DK-0013 | B14: Elieser Cipikoff | E14: Falkoner Allé 38 | F14: 2000 | G14: Frederiksberg | H14: Frederiksberg | I14: 55.682217 | J14: 12.535448 | K14: snublesten.dk | L14: 2026 | N14: Snublesten Danmark | Q14: https://snublesten.dk/snublesten/elieser-cipikoff/ | R14: 3267 | V14: Fra gruppens egen liste
A15: DK-0014 | B15: Nechama Lea Cipikoff | E15: Falkoner Allé 38 | F15: 2000 | G15: Frederiksberg | H15: Frederiksberg | I15: 55.682147 | J15: 12.535438 | K15: snublesten.dk | L15: 2026 | N15: Snublesten Danmark | Q15: https://snublesten.dk/snublesten/nechama-lea-cipikoff/ | R15: 3271 | V15: Fra gruppens egen liste
A16: DK-0015 | B16: Noah Abraham Cipikoff | E16: Falkoner Allé 38 | F16: 2000 | G16: Frederiksberg | H16: Frederiksberg | I16: 55.682207 | J16: 12.535448 | K16: snublesten.dk | L16: 2026 | N16: Snublesten Danmark | Q16: https://snublesten.dk/snublesten/noah-abraham-cipikoff/ | R16: 3236 | V16: Fra gruppens egen liste
A17: DK-0016 | B17: Carl Joseph Glückstadt | C17: 1882 | D17: Omkom | E17: Forchhammersvej 5 | F17: 1920 | G17: Frederiksberg C | H17: Frederiksberg | I17: 55.679368 | J17: 12.554004 | K17: snublesten.dk | L17: 2020 | N17: Snublesten Danmark | P17: HIER WOHNTE / CARL JOSEPH / GLÜCKSTADT / GEBOREN 1882 / VERHAFTET 1943 / DEPORTIERT / THERESIENSTADT / UMGEKOMMEN 15.11.1943 | Q17: https://snublesten.dk/snublesten/carl-joseph-gluckstadt/ | R17: 537 | U17: Stolperstein für Carl Joseph Glückstadt (Frederiksberg).jpg | V17: Fra gruppens egen liste
A18: DK-0017 | B18: Olga Johanne Glückstadt | E18: Forchhammersvej 5 | F18: 1920 | G18: Frederiksberg C | H18: Frederiksberg | I18: 55.679268 | J18: 12.553914 | K18: snublesten.dk | L18: 2025 | N18: Snublesten Danmark | Q18: https://snublesten.dk/snublesten/olga-johanne-gluckstadt/ | R18: 2793 | V18: Fra gruppens egen liste
A19: DK-0018 | B19: Max Hartwig | C19: 1867 | D19: Overlevede | E19: Frydendalsvej 33 | F19: 1809 | G19: Frederiksberg C | H19: Frederiksberg | I19: 55.67082 | J19: 12.535348 | K19: snublesten.dk | L19: 2022 | N19: Snublesten Danmark | P19: HIER WOHNTE / MAX HARTWIG / 'GUBBEN' / GEBOREN 1867 / VERHAFTET 1.10.1943 / DEPORTIERT 1943 / THERESIENSTADT / BEFREIT | Q19: https://snublesten.dk/snublesten/max-hartwig/ | R19: 897 | U19: Stolperstein für Max Hartwig (Frederiksberg).jpg | V19: Fra gruppens egen liste
A20: DK-0019 | B20: Rose Hartwig | C20: 1880 | D20: Omkom | E20: Frydendalsvej 33 | F20: 1809 | G20: Frederiksberg C | H20: Frederiksberg | I20: 55.67087 | J20: 12.535488 | K20: snublesten.dk | L20: 2022 | N20: Snublesten Danmark | P20: HIER WOHNTE / ROSE HARTWIG / GEB. SALOMON 1880 / VERHAFTET 1.10.1943 / DEPORTIERT 1943 / THERESIENSTADT / ERMORDET 25.2.1944 | Q20: https://snublesten.dk/snublesten/rose-hartwig/ | R20: 896 | U20: Stolperstein für Rose Hartwig (Frederiksberg).jpg | V20: Fra gruppens egen liste
A21: DK-0020 | B21: Johanne Caroline Gray | E21: Godthåbsvej 131 | F21: 2000 | G21: Frederiksberg | H21: Frederiksberg | I21: 55.690045 | J21: 12.516996 | K21: snublesten.dk | L21: 2024 | N21: Snublesten Danmark | Q21: https://snublesten.dk/snublesten/johanne-caroline-gray/ | R21: 2310 | V21: Fra gruppens egen liste
A22: DK-0021 | B22: Ada Elvira Bomhoff | C22: 1892 | D22: Overlevede | E22: Harsdorffsvej 7 | F22: 1874 | G22: Frederiksberg C | H22: Frederiksberg | I22: 55.679716 | J22: 12.546309 | K22: snublesten.dk | L22: 2021 | N22: Snublesten Danmark | P22: HIER WOHNTE / ADA ELVIRA / BOMHOFF / GEB. ALS REICHMANN 1892 / UNTERSTÜTZTE DIE / WIDERSTANDSBEWEGUNG / VERHAFTET 4.9.1944 / INTERNIERUNGSLAGER FRØSLEV / BEFREIT | Q22: https://snublesten.dk/snublesten/ada-elvira-bomhoff/ | R22: 922 | U22: Stolperstein für Ada Elvira Bomhoff (Frederiksberg).jpg | V22: Fra gruppens egen liste
A23: DK-0022 | B23: Gunnar Johan Bomhoff | C23: 1887 | D23: Omkom | E23: Harsdorffsvej 7 | F23: 1874 | G23: Frederiksberg C | H23: Frederiksberg | I23: 55.679886 | J23: 12.546349 | K23: snublesten.dk | L23: 2021 | N23: Snublesten Danmark | P23: HIER WOHNTE / GUNNAR JOHAN / BOMHOFF / GEB. 1887 / VERHAFTET 18.10.1944 / DEPORTIERT 1945 / DACHAU / ERMORDET 13.4.1945 / NEUENGAMME | Q23: https://snublesten.dk/snublesten/gunnar-johan-bomhoff/ | R23: 921 | U23: Stolperstein für Gunnar Johan Bomhoff (Frederiksberg).jpg | V23: Fra gruppens egen liste
A24: DK-0023 | B24: Sam Besekow | C24: 1911 | D24: Overlevede | E24: Hollændervej 11 | F24: 1855 | G24: Frederiksberg C | H24: Frederiksberg | I24: 55.675991 | J24: 12.535976 | K24: snublesten.dk | L24: 2022 | N24: Snublesten Danmark | P24: HIER WOHNTE / SAMUEL 'SAM' / BESEKOW / GEBOREN 1911 / VERHAFTET 29.8.1943 / INTERNIERT IN HORSERØD / FREIGELASSEN 15.10.1943 / FLUCHT NACH SCHWEDEN / 22.10.1943 | Q24: https://snublesten.dk/snublesten/samuel-besekow/ | R24: 582 | U24: Stolperstein für Samuel Besekow (Frederiksberg).jpg | V24: Fra gruppens egen liste
A25: DK-0024 | B25: Frants Aleks Karl Sundstrøm | E25: Howitzvej 30 | F25: 2000 | G25: Frederiksberg | H25: Frederiksberg | I25: 55.679931 | J25: 12.529438 | K25: snublesten.dk | L25: 2024 | N25: Snublesten Danmark | Q25: https://snublesten.dk/snublesten/frants-aleks-carl-sundstroem/ | R25: 2309 | V25: Fra gruppens egen liste | W25: Tidl. politistation
A26: DK-0025 | B26: Bernhard Schermeister | E26: J.M. Thielesvej 1A | F26: 1961 | G26: Frederiksberg C | H26: Frederiksberg | I26: 55.680873 | J26: 12.546459 | K26: snublesten.dk | L26: 2024 | N26: Snublesten Danmark | Q26: https://snublesten.dk/snublesten/bernhard-schermeister/ | R26: 2333 | V26: Fra gruppens egen liste
A27: DK-0026 | B27: Edith Schermeister | E27: J.M. Thielesvej 1A | F27: 1961 | G27: Frederiksberg C | H27: Frederiksberg | I27: 55.680793 | J27: 12.546469 | K27: snublesten.dk | L27: 2024 | N27: Snublesten Danmark | Q27: https://snublesten.dk/snublesten/edith-schermeister/ | R27: 2336 | V27: Fra gruppens egen liste
A28: DK-0027 | B28: Inge Schermeister | E28: J.M. Thielesvej 1A | F28: 1961 | G28: Frederiksberg C | H28: Frederiksberg | I28: 55.680923 | J28: 12.546509 | K28: snublesten.dk | L28: 2024 | N28: Snublesten Danmark | Q28: https://snublesten.dk/snublesten/inge-schermeister/ | R28: 2340 | V28: Fra gruppens egen liste
A29: DK-0028 | B29: Jeanne Schermeister | E29: J.M. Thielesvej 1A | F29: 1961 | G29: Frederiksberg C | H29: Frederiksberg | I29: 55.680903 | J29: 12.546539 | K29: snublesten.dk | L29: 2024 | N29: Snublesten Danmark | Q29: https://snublesten.dk/snublesten/jeanne-schermeister/ | R29: 2341 | V29: Fra gruppens egen liste
A30: DK-0029 | B30: Lis Schermeister | E30: J.M. Thielesvej 1A | F30: 1961 | G30: Frederiksberg C | H30: Frederiksberg | I30: 55.680913 | J30: 12.546389 | K30: snublesten.dk | L30: 2024 | N30: Snublesten Danmark | Q30: https://snublesten.dk/snublesten/lis-schermeister/ | R30: 2337 | V30: Fra gruppens egen liste
A31: DK-0030 | B31: Jonas Bornstein | E31: Julius Thomsens Plads 2 | F31: 1925 | G31: Frederiksberg C | H31: Frederiksberg | I31: 55.680322 | J31: 12.553481 | K31: snublesten.dk | L31: 2024 | N31: Snublesten Danmark | Q31: https://snublesten.dk/snublesten/jonas-bornstein/ | R31: 2366 | V31: Fra gruppens egen liste
A32: DK-0031 | B32: Jytte Bornstein | E32: Julius Thomsens Plads 2 | F32: 1925 | G32: Frederiksberg C | H32: Frederiksberg | I32: 55.680312 | J32: 12.553581 | K32: snublesten.dk | L32: 2024 | N32: Snublesten Danmark | Q32: https://snublesten.dk/snublesten/jytte-bornstein/ | R32: 2356 | V32: Fra gruppens egen liste
A33: DK-0032 | B33: Lilly Bornstein | E33: Julius Thomsens Plads 2 | F33: 1925 | G33: Frederiksberg C | H33: Frederiksberg | I33: 55.680222 | J33: 12.553481 | K33: snublesten.dk | L33: 2024 | N33: Snublesten Danmark | Q33: https://snublesten.dk/snublesten/lilly-bornstein/ | R33: 2363 | V33: Fra gruppens egen liste
A34: DK-0033 | B34: Preben Bornstein | E34: Julius Thomsens Plads 2 | F34: 1925 | G34: Frederiksberg C | H34: Frederiksberg | I34: 55.680372 | J34: 12.553551 | K34: snublesten.dk | L34: 2024 | N34: Snublesten Danmark | Q34: https://snublesten.dk/snublesten/preben-bornstein/ | R34: 2360 | V34: Fra gruppens egen liste
A35: DK-0034 | B35: Kai Adolf Levin | E35: Madvigs Allé 9 | F35: 1829 | G35: Frederiksberg C | H35: Frederiksberg | I35: 55.675484 | J35: 12.540779 | K35: snublesten.dk | L35: 2023 | N35: Snublesten Danmark | Q35: https://snublesten.dk/snublesten/kai-levin/ | R35: 1671 | V35: Fra gruppens egen liste
A36: DK-0035 | B36: Zerline Levin | E36: Madvigs Allé 9 | F36: 1829 | G36: Frederiksberg C | H36: Frederiksberg | I36: 55.675484 | J36: 12.540849 | K36: snublesten.dk | L36: 2023 | N36: Snublesten Danmark | Q36: https://snublesten.dk/snublesten/zerline-levin/ | R36: 1681 | V36: Fra gruppens egen liste
A37: DK-0036 | B37: Irma Hertz | C37: 1878 | D37: Omkom | E37: Vodroffslund 3 | F37: 1419 | G37: Frederiksberg C | H37: Frederiksberg | I37: 55.678245 | J37: 12.553837 | K37: snublesten.dk | L37: 2020 | N37: Snublesten Danmark | P37: HIER WOHNTE / IRMA HERTZ / GEB. ALS LEVY 1878 / VERHAFTET 7.10.1943 / DEPORTIERT / THERESIENSTADT / UMGEKOMMEN 21.12.1943 | Q37: https://snublesten.dk/snublesten/irma-hertz/ | R37: 538 | U37: Stolperstein für Irma Hertz (Frederiksberg).jpg | V37: Fra gruppens egen liste | W37: de.wikipedia angiver adresse 'Vordruffslund 3'
A38: DK-0037 | B38: Hugo Wulff | E38: Ahlmanns Allé 2 | F38: 2900 | G38: Hellerup | H38: Gentofte | I38: 55.73692 | J38: 12.574903 | K38: snublesten.dk | L38: 2026 | N38: Snublesten Danmark | Q38: https://snublesten.dk/snublesten/hugo-wulff/ | R38: 3195 | V38: Fra gruppens egen liste
A39: DK-0038 | B39: Rose Wulff | C39: 1878 | D39: Omkom | E39: Ahlmanns Allé 2 | F39: 2900 | G39: Hellerup | H39: Gentofte | I39: 55.736984 | J39: 12.574764 | K39: snublesten.dk | L39: 2021 | N39: Snublesten Danmark | P39: HIER WOHNTE / ROSE WULFF / GEBOREN 1878 ALS SALOMONSEN / VERHAFTET 1.10.1943 / DEPORTIERT 1943 / THERESIENSTADT / ERMORDET 7.2.1944 | Q39: https://snublesten.dk/snublesten/rose-wulff/ | R39: 1402 | U39: Stolperstein für Rose Wulff (Gentofte).jpg | V39: Fra gruppens egen liste
A40: DK-0039 | B40: Anna Bär | E40: Frugtparken 6 | F40: 2820 | G40: Gentofte | H40: Gentofte | I40: 55.745362 | J40: 12.530049 | K40: snublesten.dk | L40: 2024 | N40: Snublesten Danmark | Q40: https://snublesten.dk/snublesten/anna-bar/ | R40: 2374 | V40: Fra gruppens egen liste
A41: DK-0040 | B41: Simon Titus Bär | E41: Frugtparken 6 | F41: 2820 | G41: Gentofte | H41: Gentofte | I41: 55.745263 | J41: 12.530129 | K41: snublesten.dk | L41: 2024 | N41: Snublesten Danmark | Q41: https://snublesten.dk/snublesten/simon-titus-bar/ | R41: 2376 | V41: Fra gruppens egen liste
A42: DK-0041 | B42: Kaj James Cordosa Nagler | C42: 1895 | D42: Overlevede | E42: Gentoftegade 4 | F42: 2820 | G42: Gentofte | H42: Gentofte | I42: 55.751911 | J42: 12.542236 | K42: snublesten.dk | L42: 2021 | N42: Snublesten Danmark | P42: HIER WOHNTE / KAJ JAMES / CORDOSA NAGLER / GEBOREN 1895 / VERHAFTET 2.10.1943 / DEPORTIERT 1943 / THERESIENSTADT / BEFREIT | Q42: https://snublesten.dk/snublesten/kaj-james-cordosa-nagler/ | R42: 1388 | U42: Stolperstein für Kaj James Cordosa Nagler (Gentofte).jpg | V42: Fra gruppens egen liste
A43: DK-0042 | B43: Arne Jacobsen | E43: Gotfred Rodes Vej 2 | F43: 2920 | G43: Charlottenlund | H43: Gentofte | I43: 55.767772 | J43: 12.568715 | K43: snublesten.dk | L43: 2023 | N43: Snublesten Danmark | Q43: https://snublesten.dk/snublesten/arne-jacobsen/ | R43: 2024 | V43: Fra gruppens egen liste
A44: DK-0043 | B44: Tage Fox Maule | E44: Henning Bojesens Vej 2 | F44: 2820 | G44: Gentofte | H44: Gentofte | I44: 55.753054 | J44: 12.538961 | K44: snublesten.dk | L44: 2024 | N44: Snublesten Danmark | Q44: https://snublesten.dk/snublesten/tage-fox-maule/ | R44: 2352 | V44: Fra gruppens egen liste
A45: DK-0044 | B45: Niels Haae Laub | C45: 1924 | D45: Omkom | E45: Henningsens Allé 19 | F45: 2900 | G45: Hellerup | H45: Gentofte | I45: 55.736147 | J45: 12.56236 | K45: snublesten.dk | L45: 2022 | N45: Snublesten Danmark | P45: HIER WOHNTE / NIELS HAAE LAUB / GEBOREN 1924 / VERHAFTET 14.10.1944 / GEFÄNGNIS VESTRE / DEPORTIERT 1945 / NEUENGAMME / DESSAUER UFER / BULLENHUSER DAMM / ERMORDET 28.3.1945 | Q45: https://snublesten.dk/snublesten/niels-haae-laub/ | R45: 908 | U45: Stolperstein für Niels Haae Laub (Gentofte).jpg | V45: Fra gruppens egen liste
A46: DK-0045 | B46: Wilhelm Haae Laub | C46: 1887 | D46: Omkom | E46: Henningsens Allé 19 | F46: 2900 | G46: Hellerup | H46: Gentofte | I46: 55.736126 | J46: 12.562271 | K46: snublesten.dk | L46: 2022 | N46: Snublesten Danmark | P46: HIER WOHNTE / WILHELM / HAAE LAUB / GEBOREN 1887 / WIDERSTANDSKÄMPFER / ERSCHOSSEN IN SEINEM HAUS / 16.2.1945 | Q46: https://snublesten.dk/snublesten/wilhelm-haae-laub/ | R46: 907 | U46: Stolperstein für Wilhelm Haae Laub (Gentofte).jpg | V46: Fra gruppens egen liste
A47: DK-0046 | B47: Alex Eisenberg | E47: Heslegårdsvej 45 | F47: 2900 | G47: Hellerup | H47: Gentofte | I47: 55.741931 | J47: 12.553561 | K47: snublesten.dk | L47: 2024 | N47: Snublesten Danmark | Q47: https://snublesten.dk/snublesten/alex-eisenberg/ | R47: 2331 | V47: Fra gruppens egen liste
A48: DK-0047 | B48: Alfred Heymann | C48: 1856 | D48: Omkom | E48: Lille Strandvej 18B | F48: 2900 | G48: Hellerup | H48: Gentofte | I48: 55.734188 | J48: 12.578911 | K48: snublesten.dk | L48: 2021 | N48: Snublesten Danmark | P48: HIER WOHNTE / ALFRED HEYMANN / GEBOREN 1856 / VERHAFTET 1.10.1943 / DEPORTIERT 1943 / THERESIENSTADT / ERMORDET 21.5.1944 | Q48: https://snublesten.dk/snublesten/alfred-heymann/ | R48: 1032 | U48: Stolperstein für Alfred Heymann (Gentofte).jpg | V48: Fra gruppens egen liste
A49: DK-0048 | B49: Lilian Cipikoff | E49: Mosegårdsvej 134 | F49: 2820 | G49: Gentofte | H49: Gentofte | I49: 55.747897 | J49: 12.503658 | K49: snublesten.dk | L49: 2026 | N49: Snublesten Danmark | Q49: https://snublesten.dk/snublesten/lilian-cipikoff/ | R49: 3265 | V49: Fra gruppens egen liste
A50: DK-0049 | B50: Martin Cipikoff | E50: Mosegårdsvej 134 | F50: 2820 | G50: Gentofte | H50: Gentofte | I50: 55.747997 | J50: 12.503808 | K50: snublesten.dk | L50: 2026 | N50: Snublesten Danmark | Q50: https://snublesten.dk/snublesten/martin-cipikoff/ | R50: 3260 | V50: Fra gruppens egen liste
A51: DK-0050 | B51: Preben Cipikoff | E51: Mosegårdsvej 134 | F51: 2820 | G51: Gentofte | H51: Gentofte | I51: 55.747997 | J51: 12.503688 | K51: snublesten.dk | L51: 2026 | N51: Snublesten Danmark | Q51: https://snublesten.dk/snublesten/preben-cipikoff/ | R51: 3266 | V51: Fra gruppens egen liste
A52: DK-0051 | B52: Sara Cipikoff | E52: Mosegårdsvej 134 | F52: 2820 | G52: Gentofte | H52: Gentofte | I52: 55.747997 | J52: 12.503798 | K52: snublesten.dk | L52: 2026 | N52: Snublesten Danmark | Q52: https://snublesten.dk/snublesten/sara-cipikoff/ | R52: 3262 | V52: Fra gruppens egen liste
A53: DK-0052 | B53: Arnold Valdemar Skaade | E53: Mosegårdsvej 144 | F53: 2820 | G53: Gentofte | H53: Gentofte | I53: 55.747977 | J53: 12.50316 | K53: snublesten.dk | L53: 2026 | N53: Snublesten Danmark | Q53: https://snublesten.dk/snublesten/arnold-valdemar-skaade/ | R53: 3234 | V53: Fra gruppens egen liste
A54: DK-0053 | B54: Emil Valdemar Abrahamson | C54: 1867 | D54: Omkom | E54: Strandvejen 191 | F54: 2900 | G54: Hellerup | H54: Gentofte | I54: 55.735489 | J54: 12.574534 | K54: snublesten.dk | L54: 2021 | N54: Snublesten Danmark | P54: HIER WOHNTE / EMIL VALDEMR / ABRAHAMSON / GEBOREN 1867 / VERHAFTET 1.10.1943 / DEPORTIERT / THERESIENSTADT / ERMORDET 15.10.1943 | Q54: https://snublesten.dk/snublesten/emil-valdemar-abrahamson/ | R54: 1364 | U54: Stolperstein für Emil Valdemar Abrahamson (Gentofte).jpg | V54: Afvigelse – tjek | W54: Indskrift ifølge de.wikipedia: 'EMIL VALDEMR' – stavefejl på stenen?
A55: DK-0054 | B55: Alexander Benny Cordosa | C55: 1863 | D55: Omkom | E55: Sundvej 6 | F55: 2900 | G55: Hellerup | H55: Gentofte | I55: 55.733876 | J55: 12.580785 | K55: snublesten.dk | L55: 2021 | N55: Snublesten Danmark | P55: HIER WOHNTE / ALEXANDER BENNY / CORDOSA / GEBOREN 1863 / VERHAFTET 2.10.1943 / DEPORTIERT / THERESIENSTADT / ERMORDET 13.11.1943 | Q55: https://snublesten.dk/snublesten/alexander-cordosa/ | R55: 1372 | U55: Stolperstein für Alexander Benny Cordosa (Gentofte).jpg | V55: Fra gruppens egen liste
A56: DK-0055 | B56: Regitze Cordosa | C56: 1863 | D56: Omkom | E56: Sundvej 6 | F56: 2900 | G56: Hellerup | H56: Gentofte | I56: 55.733806 | J56: 12.580745 | K56: snublesten.dk | L56: 2021 | N56: Snublesten Danmark | P56: HIER WOHNTE / REGITZE CORDOSA / GEBOREN 1863 / VERHAFTET 2.10.1943 / DEPORTIERT / THERESIENSTADT / ERMORDET 20.10.1943 | Q56: https://snublesten.dk/snublesten/regitze-cordosa/ | R56: 1371 | U56: Stolperstein für Regitze Cordosa (Gentofte).jpg | V56: Fra gruppens egen liste
A57: DK-0056 | B57: Willie William Levysohn | C57: 1889 | D57: Omkom | E57: Sølystparken 1 | F57: 2820 | G57: Gentofte | H57: Gentofte | I57: 55.770106 | J57: 12.591511 | K57: snublesten.dk | L57: 2020 | N57: Snublesten Danmark | P57: HIER WOHNTE / WILLIE WILLIAM / LEVYSOHN / GEBOREN 1889 / VERHAFTET 29.8.1943 / DEPORTIERT 1943 / THERESIENSTADT / UMGEKOMMEN 16.3.1944 | Q57: https://snublesten.dk/snublesten/willie-william-levysohn/ | R57: 973 | U57: Stolperstein für Willie William Levysohn (Gentofte).jpg | V57: Fra gruppens egen liste
A58: DK-0057 | B58: Lily Henriette Pfiffer-Madsen | E58: Wernersvej 8 | F58: 2920 | G58: Charlottenlund | H58: Gentofte | I58: 55.75108 | J58: 12.566934 | K58: snublesten.dk | L58: 2025 | N58: Snublesten Danmark | Q58: https://snublesten.dk/snublesten/lily-henriette-pfiffer-madsen/ | R58: 2763 | V58: Fra gruppens egen liste
A59: DK-0058 | B59: Rena Pfiffer-Madsen | E59: Wernersvej 8 | F59: 2920 | G59: Charlottenlund | H59: Gentofte | I59: 55.75115 | J59: 12.566954 | K59: snublesten.dk | L59: 2025 | N59: Snublesten Danmark | Q59: https://snublesten.dk/snublesten/rena-pfiffer-madsen/ | R59: 2760 | V59: Fra gruppens egen liste
A60: DK-0059 | B60: Chaim Leiser Altermann | E60: Runebergs Allé 55-57 | F60: 2860 | G60: Søborg | H60: Gladsaxe | I60: 55.729887 | J60: 12.510515 | K60: snublesten.dk | L60: 2024 | N60: Snublesten Danmark | Q60: https://snublesten.dk/snublesten/chaim-leiser-altermann/ | R60: 2400 | V60: Fra gruppens egen liste
A61: DK-0060 | B61: Poul Villy Christensen | E61: Borchsvej 3 | F61: 4300 | G61: Holbæk | H61: Holbæk | I61: 55.715653 | J61: 11.723118 | K61: snublesten.dk | L61: 2025 | N61: Snublesten Danmark | Q61: https://snublesten.dk/snublesten/poul-villy-christensen/ | R61: 2794 | V61: Fra gruppens egen liste
A62: DK-0061 | B62: Karinus Johannes Felsted | E62: Agtrupvej 1 | F62: 6000 | G62: Kolding | H62: Kolding | I62: 55.484092 | J62: 9.471617 | K62: snublesten.dk | L62: 2021 | N62: Snublesten Danmark | Q62: https://snublesten.dk/snublesten/karinus-felsted-modstandsmand/ | R62: 553 | V62: Fra gruppens egen liste
A63: DK-0062 | B63: Kai Ibsen | E63: Clemensgade 1 | F63: 6000 | G63: Kolding | H63: Kolding | I63: 55.486167 | J63: 9.468492 | K63: snublesten.dk | L63: 2021 | N63: Snublesten Danmark | Q63: https://snublesten.dk/snublesten/kai-ibsen-kommunist-og-modstandsmand/ | R63: 550 | V63: Fra gruppens egen liste
A64: DK-0063 | B64: Jørgen Kelstrup | E64: Haderslevvej 25 | F64: 6000 | G64: Kolding | H64: Kolding | I64: 55.470788 | J64: 9.470961 | K64: snublesten.dk | L64: 2021 | N64: Snublesten Danmark | Q64: https://snublesten.dk/snublesten/jorgen-kelstrup-modstandsmand/ | R64: 918 | V64: Fra gruppens egen liste
A65: DK-0064 | B65: Poul Seidenfaden | E65: Haderslevvej 25 | F65: 6000 | G65: Kolding | H65: Kolding | I65: 55.470828 | J65: 9.471081 | K65: snublesten.dk | L65: 2021 | N65: Snublesten Danmark | Q65: https://snublesten.dk/snublesten/poul-seidenfaden/ | R65: 917 | V65: Fra gruppens egen liste
A66: DK-0065 | B66: Alice Henriette Dinesen | E66: Hjelmsvej 11 | F66: 6000 | G66: Kolding | H66: Kolding | I66: 55.482581 | J66: 9.471821 | K66: snublesten.dk | L66: 2021 | N66: Snublesten Danmark | Q66: https://snublesten.dk/snublesten/alice-henriette-dinesen/ | R66: 554 | V66: Fra gruppens egen liste
A67: DK-0066 | B67: Emma Heilbrun | E67: Arendalsgade 3 | F67: 2100 | G67: København Ø | H67: København | I67: 55.697468 | J67: 12.589726 | K67: snublesten.dk | L67: 2025 | N67: Snublesten Danmark | Q67: https://snublesten.dk/snublesten/emma-heilbrun/ | R67: 2820 | V67: Fra gruppens egen liste
A68: DK-0067 | B68: Lauritz Nielsen Ferslev | E68: Artillerivej 55 | F68: 2300 | G68: København S | H68: København | I68: 55.663691 | J68: 12.583631 | K68: snublesten.dk | L68: 2024 | N68: Snublesten Danmark | Q68: https://snublesten.dk/snublesten/lauritz-nielsen-ferslev/ | R68: 2372 | V68: Fra gruppens egen liste
A69: DK-0068 | B69: Gerda von Essen | C69: 1856 | D69: Omkom | E69: Bartholinsgade 1 | F69: 1356 | G69: København K | H69: København | I69: 55.686352 | J69: 12.568182 | K69: snublesten.dk | L69: 2021 | N69: Snublesten Danmark | P69: HIER WOHNTE / GERDA VON ESSEN / GEB. ALS NATHANSEN 1856 / VERHAFTET 1.10.1943 / DEPORTIERT 1943 / THERESIENSTADT / ERMORDET 28.1.1944 | Q69: https://snublesten.dk/snublesten/gerda-von-essen/ | R69: 546 | U69: Stolperstein für Gerda von Essen (Kopenhagen).jpg | V69: Fra gruppens egen liste
A70: DK-0069 | B70: Niels Bohr | E70: Blegdamsvej 17 | F70: 2100 | G70: København Ø | H70: København | I70: 55.696875 | J70: 12.571623 | K70: snublesten.dk | L70: 2023 | N70: Snublesten Danmark | Q70: https://snublesten.dk/snublesten/niels-bohr/ | R70: 1841 | V70: Fra gruppens egen liste
A71: DK-0070 | B71: Holger Koppel | E71: Bogholder Allé 68 | F71: 2720 | G71: Vanløse | H71: København | I71: 55.684234 | J71: 12.4859 | K71: snublesten.dk | L71: 2025 | N71: Snublesten Danmark | Q71: https://snublesten.dk/snublesten/holger-koppel/ | R71: 2736 | V71: Fra gruppens egen liste
A72: DK-0071 | B72: Morris Sophus Koppel | E72: Bogholder Allé 68 | F72: 2720 | G72: Vanløse | H72: København | I72: 55.684244 | J72: 12.48585 | K72: snublesten.dk | L72: 2025 | N72: Snublesten Danmark | Q72: https://snublesten.dk/snublesten/morris-sophus-koppel/ | R72: 2729 | V72: Fra gruppens egen liste
A73: DK-0072 | B73: Nissine Cecilie Koppel | E73: Bogholder Allé 68 | F73: 2720 | G73: Vanløse | H73: København | I73: 55.684194 | J73: 12.4858 | K73: snublesten.dk | L73: 2025 | N73: Snublesten Danmark | Q73: https://snublesten.dk/snublesten/nissine-cecilie-koppel/ | R73: 2733 | V73: Fra gruppens egen liste
A74: DK-0073 | B74: Adolf Anté Fischermann | C74: 1925 | D74: Omkom | E74: Bogtrykkervej 43 | F74: 2400 | G74: København NV | H74: København | I74: 55.711969 | J74: 12.534398 | K74: snublesten.dk | L74: 2020 | N74: Snublesten Danmark | P74: HIER WOHNTE / ADOLF ANTÉ / FISCHERMANN / GEBOREN 1925 / ERTRUNKEN AUF DER / FLUCHT NACH SCHWEDEN / 8.10.1943 | Q74: https://snublesten.dk/snublesten/adolf-ante-fischermann/ | R74: 949 | U74: Stolperstein für Adolf Anté Fischermann (Kopenhagen).jpg | V74: Fra gruppens egen liste
A75: DK-0074 | B75: Elias Leopold Fischermann | C75: 1894 | D75: Omkom | E75: Bogtrykkervej 43 | F75: 2400 | G75: København NV | H75: København | I75: 55.712009 | J75: 12.534378 | K75: snublesten.dk | L75: 2020 | N75: Snublesten Danmark | P75: HIER WOHNTE / ELIAS LEOPOLD / FISCHERMANN / GEBOREN 1894 / ERTRUNKEN AUF DER / FLUCHT NACH SCHWEDEN / 8.10.1943 | Q75: https://snublesten.dk/snublesten/elias-leopold-fischermann/ | R75: 953 | U75: Stolperstein für Elias Leopold Fischermann (Kopenhagen).jpg | V75: Fra gruppens egen liste
A76: DK-0075 | B76: Martha Fischermann | C76: 1896 | D76: Overlevede | E76: Bogtrykkervej 43 | F76: 2400 | G76: København NV | H76: København | I76: 55.711929 | J76: 12.534408 | K76: snublesten.dk | L76: 2020 | N76: Snublesten Danmark | P76: HIER WOHNTE / MARTHA / FISCHERMANN / GEB. ALS WIGOTSKA 1896 / VERHAFTET 2.10.1943 / DEPORTIERT 1943 / THERESIENSTADT / BEFREIT | Q76: https://snublesten.dk/snublesten/martha-fischermann/ | R76: 948 | U76: Stolperstein für Martha Fischermann (Kopenhagen).jpg | V76: Fra gruppens egen liste
A77: DK-0076 | B77: Ellen Hertz | E77: Borgmester Jensens Allé 9 | F77: 2100 | G77: København Ø | H77: København | I77: 55.707897 | J77: 12.574926 | K77: snublesten.dk | L77: 2025 | N77: Snublesten Danmark | Q77: https://snublesten.dk/snublesten/ellen-hertz/ | R77: 2821 | V77: Fra gruppens egen liste
A78: DK-0077 | B78: Liselotte Schlachcis | C78: 1910 | D78: Omkom | E78: Borgmestervangen 4A | F78: 2200 | G78: København N | H78: København | I78: 55.700703 | J78: 12.54016 | K78: snublesten.dk | L78: 2019 | N78: Snublesten Danmark | P78: HIER WOHNTE / LISELOTTE / SCHLACHCIS / GEBOREN 1910 / VERHAFTET 27.6.1941 / ABGESCHOBEN NACH DEUTSCHLAND / 3.8.1941 / ERMORDET 30.1.1943 / AUSCHWITZ | Q78: https://snublesten.dk/snublesten/liselotte-schlachcis/ | R78: 234 | S78: Q64691540 | U78: Stolperstein für Liselotte Schlachcis (Kopenhagen).jpg | V78: Fra gruppens egen liste
A79: DK-0078 | B79: Ernst Platzko | C79: 1882 | D79: Omkom | E79: Bredgade 3 | F79: 1260 | G79: København K | H79: København | I79: 55.681237 | J79: 12.587398 | K79: snublesten.dk | L79: 2019 | N79: Snublesten Danmark | P79: HIER WOHNTE / ERNST PLATZKO / GEBOREN 1882 / VERHAFTET 17.9.1940 / ABGESCHOBEN NACH DEUTSCHLAND / 18.9.1940 / SACHSENHAUSEN / ERMORDET 16.10.1942 | Q79: https://snublesten.dk/snublesten/ernst-platzko/ | R79: 243 | S79: Q64691631 | T79: 13137562973 (?) | U79: Stolperstein für Ernst Platzko (Kopenhagen).jpg | V79: Fra gruppens egen liste | W79: OSM-node uden navn 25 m væk – hvilken sten på adressen?
A80: DK-0079 | B80: Eva Salomonsen | C80: 1855 | D80: Omkom | E80: Bredgade 51 | F80: 1260 | G80: København K | H80: København | I80: 55.685084 | J80: 12.590531 | K80: snublesten.dk | L80: 2020 | N80: Snublesten Danmark | P80: HIER WOHNTE / EVA SALOMONSEN / GEB. ALS WAGNER 1855 / VERHAFTET 2.10.1943 / DEPORTIERT / THERESIENSTADT / UMGEKOMMEN 14.10.1943 | Q80: https://snublesten.dk/snublesten/eva-salomonsen/ | R80: 532 | T80: 13136804794 (?) | U80: Stolperstein für Eva Salomonsen (Kopenhagen).jpg | V80: Fra gruppens egen liste | W80: OSM-node uden navn 15 m væk – hvilken sten på adressen?
A81: DK-0080 | B81: Georg Kruse Christensen | E81: Dronningens Tværgade 48 | F81: 1302 | G81: København K | H81: København | I81: 55.684878 | J81: 12.583943 | K81: snublesten.dk | L81: 2023 | N81: Snublesten Danmark | Q81: https://snublesten.dk/snublesten/georg-kruse-christensen/ | R81: 1707 | V81: Fra gruppens egen liste
A82: DK-0081 | B82: Abraham Axel Margolinsky | C82: 1888 | D82: Overlevede | E82: Dyrkøb 3 | F82: 1166 | G82: København K | H82: København | I82: 55.678953 | J82: 12.573036 | K82: snublesten.dk | L82: 2022 | N82: Snublesten Danmark | P82: HIER WOHNTE / ABRAHAM 'AXEL' / MARGOLINSKY / GEBOREN 1888 / VERHAFTET 29.8.1943 / INTERNIERT IN HORSERØD / DEPORTIERT 1943 / THERESIENSTADT / BEFREIT | Q82: https://snublesten.dk/snublesten/abraham-margolinsky/ | R82: 868 | T82: 13136772058 (?) | U82: Stolperstein für Abraham Margolinsky (Kopenhagen).jpg | V82: Fra gruppens egen liste | W82: OSM-node uden navn 11 m væk – hvilken sten på adressen?
A83: DK-0082 | B83: Tove Margolinsky | C83: 1898 | D83: Overlevede | E83: Dyrkøb 3 | F83: 1166 | G83: København K | H83: København | I83: 55.678933 | J83: 12.573126 | K83: snublesten.dk | L83: 2022 | N83: Snublesten Danmark | P83: HIER WOHNTE / TOVE MARGOLINSKY / GEB. HEIMANN 1898 / FLUCHT NACH SCHWEDEN / 4.10.1943 | Q83: https://snublesten.dk/snublesten/tove-margolinsky/ | R83: 869 | T83: 13136772058 (?) | U83: Stolperstein für Tove Margolinsky (Kopenhagen).jpg | V83: Fra gruppens egen liste | W83: OSM-node uden navn 11 m væk – hvilken sten på adressen?
A84: DK-0083 | B84: Betti Ruben | E84: Egilsgade 29A | F84: 2300 | G84: København S | H84: København | I84: 55.665497 | J84: 12.580049 | K84: snublesten.dk | L84: 2026 | N84: Snublesten Danmark | Q84: https://snublesten.dk/snublesten/betti-ruben/ | R84: 3193 | V84: Fra gruppens egen liste
A85: DK-0084 | B85: Daniel Ruben | E85: Egilsgade 29A | F85: 2300 | G85: København S | H85: København | I85: 55.665567 | J85: 12.580079 | K85: snublesten.dk | L85: 2026 | N85: Snublesten Danmark | Q85: https://snublesten.dk/snublesten/daniel-ruben/ | R85: 3198 | V85: Fra gruppens egen liste
A86: DK-0085 | B86: Judith Ruben | E86: Egilsgade 29A | F86: 2300 | G86: København S | H86: København | I86: 55.665547 | J86: 12.580079 | K86: snublesten.dk | L86: 2026 | N86: Snublesten Danmark | Q86: https://snublesten.dk/snublesten/judith-ruben/ | R86: 3199 | V86: Fra gruppens egen liste
A87: DK-0086 | B87: Klara Ruben | E87: Egilsgade 29A | F87: 2300 | G87: København S | H87: København | I87: 55.665537 | J87: 12.580149 | K87: snublesten.dk | L87: 2026 | N87: Snublesten Danmark | Q87: https://snublesten.dk/snublesten/klara-ruben/ | R87: 3194 | V87: Fra gruppens egen liste
A88: DK-0087 | B88: Leon Abraham Ruben | C88: 1895 | D88: Omkom | E88: Egilsgade 29A | F88: 2300 | G88: København S | H88: København | I88: 55.665597 | J88: 12.580109 | K88: snublesten.dk | L88: 2020 | N88: Snublesten Danmark | P88: HIER WOHNTE / LEON ABRAHAM / RUBEN / GEB. 1895 / VERHAFTET 1.10.1943 / DEPORTIERT 1943 / THERESIENSTADT / UMGEKOMMEN 15.2.1944 | Q88: https://snublesten.dk/snublesten/leon-abraham-ruben/ | R88: 535 | U88: Stolperstein für Leon Abraham Ruben (Kopenhagen).jpg | V88: Fra gruppens egen liste
A89: DK-0088 | B89: Moses "Mænni" Ruben | E89: Egilsgade 29A | F89: 2300 | G89: København S | H89: København | I89: 55.665587 | J89: 12.580009 | K89: snublesten.dk | L89: 2026 | N89: Snublesten Danmark | Q89: https://snublesten.dk/snublesten/moses-maenni-ruben/ | R89: 3197 | V89: Fra gruppens egen liste
A90: DK-0089 | B90: Edel Oppenheim | E90: Frederiksborggade 21 | F90: 1362 | G90: København K | H90: København | I90: 55.683694 | J90: 12.569392 | K90: snublesten.dk | L90: 2025 | N90: Snublesten Danmark | Q90: https://snublesten.dk/snublesten/edel-oppenheim/ | R90: 2796 | V90: Fra gruppens egen liste
A91: DK-0090 | B91: Gerson Oppenheim | E91: Frederiksborggade 21 | F91: 1360 | G91: København K | H91: København | I91: 55.683824 | J91: 12.569472 | K91: snublesten.dk | L91: 2025 | N91: Snublesten Danmark | Q91: https://snublesten.dk/snublesten/gerson-oppenheim/ | R91: 2767 | V91: Fra gruppens egen liste
A92: DK-0091 | B92: Leja 'Lea' Grünbaum | C92: 1893 | D92: Overlevede | E92: Frederikssundsvej 39 | F92: 2400 | G92: København NV | H92: København | I92: 55.702259 | J92: 12.531661 | K92: snublesten.dk | L92: 2022 | N92: Snublesten Danmark | P92: HIER WOHNTE / LEJA 'LEA' / GRÜNBAUM / GEB. KATZ 1893 / VERHAFTET 4.10.1943 / INTERNIERT IN HORSERØD / DEPORTIERT 1943 / THERESIENSTADT / BEFREIT | Q92: https://snublesten.dk/snublesten/leja-grunbaum/ | R92: 903 | U92: Stolperstein für Leja Grünbaum (Kopenhagen).jpg | V92: Fra gruppens egen liste
A93: DK-0092 | B93: Moshe Grünbaum | C93: 1882 | D93: Overlevede | E93: Frederikssundsvej 39 | F93: 2400 | G93: København NV | H93: København | I93: 55.702299 | J93: 12.53166 | K93: snublesten.dk | L93: 2022 | N93: Snublesten Danmark | P93: HIER WOHNTE / MOSHE 'MOSES' / GRÜNBAUM / GEBOREN 1882 / VERHAFTET 4.10.1943 / INTERNIERT IN HORSERØD / DEPORTIERT 1943 / THERESIENSTADT / BEFREIT | Q93: https://snublesten.dk/snublesten/moshe-grunbaum/ | R93: 902 | U93: Stolperstein für Moshe Grünbaum (Kopenhagen).jpg | V93: Fra gruppens egen liste
A94: DK-0093 | B94: Rachel Kagan | C94: 1928 | D94: Overlevede | E94: Frederikssundsvej 39 | F94: 2400 | G94: København NV | H94: København | I94: 55.702429 | J94: 12.531761 | K94: snublesten.dk | L94: 2022 | N94: Snublesten Danmark | P94: HIER WOHNTE / RACHEL KAGAN / GEBOREN 1928 / VERHAFTET 4.10.1943 / INTERNIERT IN HORSERØD / DEPORTIERT 1943 / THERESIENSTADT / BEFREIT | Q94: https://snublesten.dk/snublesten/rachel-kagan/ | R94: 904 | U94: Stolperstein für Rachel Kagan (Kopenhagen).jpg | V94: Fra gruppens egen liste
A95: DK-0094 | B95: Johan Grün | E95: Gustav Adolfs Gade 5 | F95: 2100 | G95: København Ø | H95: København | I95: 55.702699 | J95: 12.578854 | K95: snublesten.dk | L95: 2024 | N95: Snublesten Danmark | Q95: https://snublesten.dk/snublesten/johan-grun/ | R95: 2369 | V95: Fra gruppens egen liste
A96: DK-0095 | B96: Olaf Salomon Grün | E96: Gustav Adolfs Gade 5 | F96: 2100 | G96: København Ø | H96: København | I96: 55.702649 | J96: 12.578734 | K96: snublesten.dk | L96: 2024 | N96: Snublesten Danmark | Q96: https://snublesten.dk/snublesten/olaf-salomon-grun/ | R96: 2370 | V96: Fra gruppens egen liste
A97: DK-0096 | B97: Anker Herman Knudsen | E97: Haydnsvej 1 | F97: 2450 | G97: København SV | H97: København | I97: 55.650499 | J97: 12.525049 | K97: snublesten.dk | L97: 2026 | N97: Snublesten Danmark | Q97: https://snublesten.dk/snublesten/anker-herman-knudsen/ | R97: 3276 | V97: Fra gruppens egen liste
A98: DK-0097 | B98: Josef Flammenbaum | C98: 1890 | D98: Omkom | E98: Heinesgade 1 | F98: 2200 | G98: København N | H98: København | I98: 55.695198 | J98: 12.547125 | K98: snublesten.dk | L98: 2021 | N98: Snublesten Danmark | P98: HIER WOHNTE / JOSEF / FLAMMENBAUM / GEB. 1890 / VERHAFTET 1.10.1943 / DEPORTIERT 1943 / THERESIENSTADT / ERMORDET 19.2.1944 | Q98: https://snublesten.dk/snublesten/josef-flammenbaum/ | R98: 548 | U98: Stolperstein für Josef Flammenbaum (Kopenhagen).jpg | V98: Fra gruppens egen liste
A99: DK-0098 | B99: Meniche Flammenbaum | E99: Heinesgade 1 | F99: 2200 | G99: København N | H99: København | I99: 55.695162 | J99: 12.54714 | K99: snublesten.dk | L99: 2025 | N99: Snublesten Danmark | Q99: https://snublesten.dk/snublesten/meniche-flammenbaum/ | R99: 2773 | V99: Fra gruppens egen liste
A100: DK-0099 | B100: Willy Engel | C100: 1871 | D100: Omkom | E100: Italiensvej 73 | F100: 2300 | G100: København S | H100: København | I100: 55.657119 | J100: 12.633526 | K100: snublesten.dk | L100: 2021 | N100: Snublesten Danmark | O100: HER BOEDE WILLY ENGEL FØDT 1871 ARRESTERET 1.10.1943 DEPORTERET 1943 THERESIENSTADT MYRDET 23.2.1944 | P100: HIER WOHNTE / WILLY ENGEL / GEBOREN 1871 / VERHAFTET 1.10.1943 / DEPORTIERT 1943 / THERESIENSTADT / ERMORDET 23.2.1944 | Q100: https://snublesten.dk/snublesten/willy-engel/ | R100: 543 | T100: 12294906974 | U100: Stolperstein für Willy Engel (Kopenhagen).jpg | V100: Fra gruppens egen liste
...

Sheet Afvigelser
A1: Sten / emne | B1: Problem | C1: Kilder i konflikt | D1: Forslag til afklaring
A2: Blima Itzkowitz | B2: To forskellige adresser | C2: snublesten.dk: Krystalgade 12 · de.wikipedia: Vibevej 45 | D2: Fotografér stenen eller spørg Snublesten Danmark
A3: Svend Børge Johansen (Odense) | B3: To forskellige efternavne | C3: snublestenfyn.dk: Johansen · Commons-fil: 'Svend Borge Rasmussen' | D3: Tjek fotoet på Commons eller Odense Stadsarkiv
A4: Ellen Wilhelmine Nielsen | B4: Postnr og by passer ikke sammen | C4: snublesten.dk: '2770 Dragør' (2770 = Kastrup, Dragør = 2791) | D4: Koordinaten ligger i Dragør – sandsynligvis forkert postnr
A5: Arthur Ascher | B5: Navnet staves anderledes på stenen | C5: Indskrift ifølge de.wikipedia: 'ARTHUR ASHER' | D5: Tjek foto – hvis stenen er fejlgraveret, noteres det, ikke rettes
A6: Emil Valdemar Abrahamson | B6: Navnet staves anderledes på stenen | C6: Indskrift ifølge de.wikipedia: 'EMIL VALDEMR' | D6: Som ovenfor
A7: Ada Elvira og Gunnar Johan Bomhoff | B7: Adresse-præcision | C7: snublesten.dk: Harsdorffsvej 7 · de.wikipedia: 'Harsdorffsvej/Bomhoffs Have' | D7: Ingen konflikt, men tjek stenens placering
A8: Irma Hertz | B8: Stavemåde af vejnavn | C8: snublesten.dk: Vodroffslund · de.wikipedia: Vordruffslund | D8: Vodroffslund er den gængse stavemåde
A9: Ruth Bertha Nebel, Ulrik Dircks (Odense) | B9: Adresse udledt, ikke oplyst | C9: Kun Commons-fotos af adresser taget samme dag (Buchwaldsgade 38, Bangs Allé 7) | D9: Bekræft hos Snublesten Fyn
A10: 12 OSM-noder i indre København | B10: Uden navn | C10: OpenStreetMap: kun position + link til de.wikipedia | D10: Når registret er bekræftet: tilføj name/inscription/subject:wikidata i OSM
A11: OSM-node 13526817060 ved Horsens | B11: Fejltagget | C11: Krigergrav fra 1866 tagget som memorial=stolperstein | D11: Ret tagget i OSM
A12: Snublesten Danmark: 'Søren Mølllers Gade' | B12: Stavefejl i kilden | C12: Rettet til Søren Møllers Gade i registret | D12: Kan nævnes for gruppen

Sheet Mangler
A1: Område / gruppe | B1: Hvad vi ved | C1: Kilde der skal gennemgås | D1: Status
A2: Fredericia og Taulov | B2: Linket fra snublesten.dk – ingen sten i registret endnu | C2: https://www.fredericiahistorie.dk/side/snublesten-i-fredericia-og-taulov | D2: Ikke indsamlet
A3: Aalborg | B3: Linket fra snublesten.dk – ingen sten i registret endnu | C3: http://snublestenaalborg.dk/ | D3: Ikke indsamlet
A4: Tønder | B4: Linket fra snublesten.dk – ingen sten i registret endnu | C4: https://nisjepsen.dk/skabelon.asp?side=17&subside=53 | D4: Ikke indsamlet
A5: Skærbæk | B5: 3 sten kendt fra Commons-fotos (nedlagt 5. maj 2025), adresser mangler | C5: https://historiskforeningskaerbaek.dk/om/snublesten | D5: Delvist
A6: Frederikshavn Kommune | B6: Nordjyllands Kystmuseums eget projekt | C6: Projektets egne lister / bogen | D6: Tilføjes af Jakob
A7: Vordingborg / Kalvehave | B7: 1 sten (Leo Købmann, 2023) kendt kun fra OpenStreetMap | C7: Lokalarkiv / lokalavis | D7: Delvist
A8: Odense – unavngivne fotos | B8: 17 Commons-fotos 'Stolperstein in Odense N' uden navn | C8: Commons: Category:Stolpersteine in Odense | D8: Kan bruges til at bekræfte indskrifter
A9: Dansk original-indskrift | B9: Kun 6 af stenene har den danske tekst registreret | C9: Fotos på Commons og hos grupperne | D9: Største hul i datasættet

Sheet Felter
A1: Felt | B1: Betydning | C1: Hvem udfylder
A2: ID | B2: Registrets eget løbenummer. Ændres ikke, når det først er tildelt. | C2: Claude / import
A3: Navn | C3: Claude / import
A4: Født (år) | C4: Claude / import
A5: Udfald | B5: Omkom / Overlevede – udledt af indskriften. Tomt hvor indskriften mangler. | C5: Claude / import
A6: Adresse | C6: Claude / import
A7: Postnr | C7: Claude / import
A8: By | C8: Claude / import
A9: Kommune | C9: Claude / import
A10: Bredde | C10: Claude / import
A11: Længde | C11: Claude / import
A12: Koordinat-kilde | B12: Hvor koordinaten kommer fra (snublesten.dk, Commons-foto, OSM). | C12: Claude / import
A13: Nedlagt (år) | C13: Claude / import
A14: Nedlagt (dato) | C14: Claude / import
A15: Sat af | B15: Gruppen der satte stenen. | C15: Claude / import
A16: Indskrift (dansk, original) | B16: Den danske tekst på stenen, ordret. Den vigtigste mangel. | C16: Du
A17: Indskrift (tysk oversættelse, de.wikipedia) | B17: Tysk oversættelse fra de.wikipedia – ikke stenens egen tekst. | C17: Claude / import
A18: Primær kilde | B18: Den side oplysningerne primært er hentet fra. | C18: Claude / import
A19: snublesten.dk-ID | C19: Claude / import
A20: Wikidata | C20: Claude / import
A21: OSM-node | B21: '(?)' betyder: noden ligger ved adressen, men har intet navn – hvilken sten den er, er ikke afgjort. | C21: Claude / import
A22: Commons-foto | C22: Claude / import
A23: Status | B23: Fra gruppens egen liste / Fra gruppens egen side / Skal verificeres / Afvigelse – tjek | C23: Du
A24: Note | B24: Afvigelser, udledninger og forbehold. | C24: Du
A26: Rediger især | B26: Indskrift (dansk), Status og Note. Nye sten tilføjes nederst i Register – tabellen udvider sig selv, og Oversigt tæller med.
A27: Eksempelrække | B27: DK-0148 Pinkus Katz er den mest komplette række: alle felter udfyldt fra fire kilder.
A28: Rettigheder | B28: Navne, adresser, datoer og koordinater er fakta. Biografier og fotos hos grupperne er ophavsretligt beskyttede og er ikke kopieret. Publicér ikke registret som eget datasæt før aftale med grupperne.
